1,2,3,4,5,6,7,8,9,10,11,12,Spring (Oct-Dec),Summer (Jan-Mar),Winter (Apr-Sep)
1.9884771408821542,1.5791059421881626,0.4380807584921164,0.0008405500860043868,0.0,0.0,0.0,0.0,6.029458349119816e-17,3.5489258915021745e-05,0.17329085563413887,1.0139621706535271,1.187288515546581,4.005663841562433,0.0008405500860044471
1.9884771408821542,1.5791059421881624,0.4380807584921164,0.0008405500860043864,0.0,0.0,0.0,0.0,6.029458349119815e-17,3.5489258915021616e-05,0.17329085563413885,1.0139621706535271,1.187288515546581,4.005663841562433,0.0008405500860044466
1.9884771408821538,1.5791059421881624,0.43808075849211636,0.0008405500860043858,0.0,0.0,0.0,0.0,6.029458349119815e-17,3.548925891502151e-05,0.17329085563413885,1.013962170653527,1.1872885155465807,4.005663841562432,0.0008405500860044461
1.9884771408821535,1.5791059421881621,0.43808075849211636,0.0008405500860043854,0.0,0.0,0.0,0.0,6.029458349119813e-17,3.5489258915021406e-05,0.17329085563413885,1.013962170653527,1.1872885155465807,4.005663841562432,0.0008405500860044457
1.9884771408821538,1.5791059421881624,0.43808075849211636,0.0008405500860043854,0.0,0.0,0.0,0.0,6.029458349119815e-17,3.548925891502132e-05,0.17329085563413885,1.0139621706535271,1.187288515546581,4.005663841562432,0.0008405500860044457
1.9884771408821544,1.5791059421881626,0.4380807584921165,0.0008405500860043857,0.0,0.0,0.0,0.0,6.029458349119816e-17,3.548925891502133e-05,0.1732908556341389,1.0139621706535273,1.1872885155465813,4.005663841562433,0.000840550086004446
1.9884771408821542,1.5791059421881624,0.4380807584921164,0.0008405500860043857,0.0,0.0,0.0,0.0,6.029458349119815e-17,3.5489258915021325e-05,0.17329085563413887,1.0139621706535273,1.1872885155465813,4.005663841562433,0.000840550086004446
1.9884771408821533,1.579105942188162,0.4380807584921163,0.0008405500860043855,0.0,0.0,0.0,0.0,6.029458349119813e-17,3.548925891502131e-05,0.17329085563413885,1.0139621706535271,1.187288515546581,4.0056638415624315,0.0008405500860044458
1.9884771408821529,1.5791059421881612,0.4380807584921162,0.0008405500860043854,0.0,0.0,0.0,0.0,6.029458349119812e-17,3.5489258915021305e-05,0.1732908556341388,1.013962170653527,1.1872885155465807,4.005663841562431,0.0008405500860044457
1.9884771408821529,1.579105942188161,0.43808075849211614,0.0008405500860043857,0.0,0.0,0.0,0.0,6.029458349119812e-17,3.548925891502133e-05,0.1732908556341388,1.013962170653527,1.1872885155465807,4.005663841562431,0.000840550086004446
1.9884771408821527,1.579105942188161,0.4380807584921161,0.0008405500860043859,0.0,0.0,0.0,0.0,6.029458349119812e-17,3.5489258915021366e-05,0.1732908556341388,1.013962170653527,1.1872885155465807,4.00566384156243,0.0008405500860044462
1.9884771408821529,1.579105942188161,0.43808075849211614,0.0008405500860043863,0.0,0.0,0.0,0.0,6.029458349119812e-17,3.5489258915021386e-05,0.17329085563413885,1.0139621706535271,1.187288515546581,4.005663841562431,0.0008405500860044465
1.9884771408821524,1.5791059421881606,0.43808075849211603,0.0008405500860043865,0.0,0.0,0.0,0.0,6.029458349119811e-17,3.5489258915021406e-05,0.1732908556341388,1.013962170653527,1.1872885155465807,4.005663841562429,0.0008405500860044467
1.9884771408821522,1.5791059421881606,0.4380807584921159,0.0008405500860043866,0.0,0.0,0.0,0.0,6.029458349119811e-17,3.548925891502142e-05,0.17329085563413876,1.0139621706535267,1.1872885155465804,4.005663841562429,0.0008405500860044469
1.9884771408821524,1.5791059421881606,0.43808075849211603,0.0008405500860043869,0.0,0.0,0.0,0.0,6.029458349119811e-17,3.548925891502145e-05,0.17329085563413876,1.013962170653527,1.1872885155465807,4.005663841562429,0.0008405500860044472
1.9884771408821522,1.5791059421881606,0.4380807584921159,0.000840550086004387,0.0,0.0,0.0,0.0,6.02945834911981e-17,3.5489258915021474e-05,0.17329085563413876,1.0139621706535267,1.1872885155465804,4.005663841562429,0.0008405500860044473
1.9884771408821524,1.5791059421881606,0.43808075849211603,0.000840550086004387,0.0,0.0,0.0,0.0,6.029458349119811e-17,3.548925891502142e-05,0.1732908556341388,1.013962170653527,1.1872885155465807,4.005663841562429,0.0008405500860044473
1.9884771408821527,1.5791059421881606,0.4380807584921161,0.0008405500860043872,0.0,0.0,0.0,0.0,6.029458349119811e-17,3.548925891502137e-05,0.17329085563413885,1.013962170653527,1.1872885155465807,4.00566384156243,0.0008405500860044475
1.9884771408821522,1.5791059421881601,0.4380807584921159,0.000840550086004387,0.0,0.0,0.0,0.0,6.02945834911981e-17,3.5489258915021366e-05,0.1732908556341388,1.0139621706535267,1.1872885155465804,4.005663841562428,0.0008405500860044473
1.9884771408821524,1.5791059421881604,0.43808075849211603,0.0008405500860043873,0.0,0.0,0.0,0.0,6.029458349119811e-17,3.548925891502137e-05,0.17329085563413885,1.013962170653527,1.1872885155465807,4.005663841562429,0.0008405500860044476
1.9884771408821524,1.5791059421881604,0.43808075849211603,0.0008405500860043876,0.0,0.0,0.0,0.0,6.029458349119811e-17,3.548925891502137e-05,0.17329085563413885,1.013962170653527,1.1872885155465807,4.005663841562429,0.0008405500860044478
1.9884771408821527,1.5791059421881604,0.4380807584921161,0.0008405500860043878,0.0,0.0,0.0,0.0,6.029458349119811e-17,3.548925891502137e-05,0.17329085563413887,1.013962170653527,1.1872885155465809,4.00566384156243,0.000840550086004448
1.9884771408821524,1.5791059421881601,0.43808075849211603,0.0008405500860043879,0.0,0.0,0.0,0.0,6.029458349119811e-17,3.548925891502137e-05,0.17329085563413887,1.013962170653527,1.1872885155465809,4.005663841562429,0.0008405500860044482
1.9884771408821522,1.5791059421881597,0.4380807584921159,0.000840550086004388,0.0,0.0,0.0,0.0,6.02945834911981e-17,3.548925891502139e-05,0.17329085563413885,1.0139621706535267,1.1872885155465807,4.005663841562428,0.0008405500860044483
1.988477140882152,1.5791059421881595,0.43808075849211586,0.0008405500860043881,0.0,0.0,0.0,0.0,6.029458349119807e-17,3.548925891502141e-05,0.1732908556341388,1.0139621706535267,1.1872885155465804,4.005663841562427,0.0008405500860044484
1.9884771408821518,1.5791059421881593,0.4380807584921158,0.0008405500860043882,0.0,0.0,0.0,0.0,6.029458349119806e-17,3.5489258915021433e-05,0.17329085563413876,1.0139621706535265,1.1872885155465802,4.005663841562427,0.0008405500860044485
1.9884771408821518,1.5791059421881593,0.4380807584921158,0.0008405500860043884,0.0,0.0,0.0,0.0,6.029458349119806e-17,3.5489258915021474e-05,0.17329085563413876,1.0139621706535265,1.1872885155465802,4.005663841562427,0.0008405500860044487
1.9884771408821516,1.579105942188159,0.43808075849211575,0.0008405500860043885,0.0,0.0,0.0,0.0,6.029458349119805e-17,3.5489258915021494e-05,0.1732908556341387,1.0139621706535265,1.1872885155465802,4.005663841562426,0.0008405500860044488
1.9884771408821518,1.5791059421881593,0.4380807584921158,0.0008405500860043891,0.0,0.0,0.0,0.0,6.029458349119806e-17,3.548925891502152e-05,0.17329085563413876,1.0139621706535265,1.1872885155465802,4.005663841562427,0.0008405500860044494
1.9884771408821516,1.579105942188159,0.43808075849211575,0.0008405500860043893,0.0,0.0,0.0,0.0,6.029458349119806e-17,3.548925891502154e-05,0.17329085563413876,1.0139621706535265,1.1872885155465802,4.005663841562426,0.0008405500860044496
1.9884771408821513,1.5791059421881588,0.4380807584921157,0.0008405500860043895,0.0,0.0,0.0,0.0,6.029458349119805e-17,3.548925891502157e-05,0.1732908556341387,1.0139621706535262,1.18728851554658,4.005663841562426,0.0008405500860044498
1.9884771408821516,1.579105942188159,0.43808075849211575,0.00084055008600439,0.0,0.0,0.0,0.0,6.029458349119806e-17,3.5489258915021644e-05,0.17329085563413876,1.0139621706535265,1.1872885155465802,4.005663841562426,0.0008405500860044503
1.9884771408821513,1.5791059421881588,0.4380807584921157,0.0008405500860043907,0.0,0.0,0.0,0.0,6.029458349119806e-17,3.5489258915021725e-05,0.17329085563413876,1.0139621706535262,1.18728851554658,4.005663841562426,0.000840550086004451
1.9884771408821513,1.5791059421881588,0.4380807584921157,0.0008405500860043911,0.0,0.0,0.0,0.0,6.029458349119806e-17,3.5489258915021806e-05,0.17329085563413876,1.0139621706535262,1.18728851554658,4.005663841562426,0.0008405500860044514
1.9884771408821513,1.5791059421881588,0.4380807584921157,0.0008405500860043916,0.0,0.0,0.0,0.0,6.029458349119806e-17,3.548925891502189e-05,0.17329085563413876,1.0139621706535262,1.18728851554658,4.005663841562426,0.0008405500860044518
1.988477140882151,1.5791059421881586,0.43808075849211564,0.0008405500860043918,0.0,0.0,0.0,0.0,6.029458349119805e-17,3.548925891502197e-05,0.1732908556341387,1.0139621706535262,1.18728851554658,4.005663841562425,0.0008405500860044521
1.9888191189463642,1.5794248789219403,0.4382464276680209,0.0008426952975282808,0.0,0.0,0.0,0.0,6.029436849798123e-17,3.5832587472163904e-05,0.17338598422309295,1.0142192270121952,1.1876410438227603,4.006490425536326,0.0008426952975283411
1.9894952043676981,1.5800573920608545,0.43857795658946747,0.0008470111892478748,0.0,0.0,0.0,0.0,6.029378738541843e-17,3.652427682974771e-05,0.17357801371070988,1.0147338595298234,1.188348397517363,4.00813055301802,0.0008470111892479351
1.9905014136087475,1.5809974364325647,0.43907482806960074,0.0008535357166014106,0.0,0.0,0.0,0.0,6.029265852425266e-17,3.7573474442014675e-05,0.1738686922612358,1.0155059117890328,1.1894121775247106,4.010573678110913,0.0008535357166014709
1.991831744090973,1.5822387076585727,0.4397366142944276,0.0008625365867974888,0.0,0.0,0.0,0.0,6.029077753224486e-17,3.9050252612025184e-05,0.17425988275093726,1.0165349117376172,1.1908338447411666,4.013807066043973,0.000862536586797549
1.9934792498474074,1.5837737460839034,0.44056242835061094,0.0008741446375909252,0.0,0.0,0.0,0.0,6.028792751299863e-17,4.104155814350725e-05,0.1747536595789387,1.0178203281310727,1.192615029268155,4.017815424281922,0.0008741446375909855
1.9954365578058024,1.5855950444273905,0.44155116055770255,0.00088843829899131,0.0,0.0,0.0,0.0,6.028389074880398e-17,4.3564742662253e-05,0.17535196974120948,1.0193621153650358,1.1947576498489076,4.022582762790895,0.0008884382989913703
1.9976959876165978,1.587694566616485,0.4427022151901501,0.0009055337388400122,0.0,0.0,0.0,0.0,6.027846239896991e-17,4.665602865031904e-05,0.17605707985101154,1.021160664372099,1.1972644002517607,4.028092769423233,0.0009055337388400725
2.0002498352723723,1.590063920480696,0.44401471679683663,0.0009258137503718891,0.0,0.0,0.0,0.0,6.027146547472225e-17,5.047390227839358e-05,0.17687143291240454,1.0232164435389428,1.2001383503536258,4.0343284725499045,0.0009258137503719494
2.0030915805926153,1.592695503166632,0.4454878301708322,0.0009495305583563467,0.0,0.0,0.0,0.0,6.026276670156438e-17,5.514368573351952e-05,0.1777977840706669,1.0255301573669453,1.2033830851233458,4.04127491393008,0.000949530558356407
2.006216114289736,1.595583208294076,0.4471206490324305,0.0009768175481964028,0.0,0.0,0.0,0.0,6.025229245611493e-17,6.0694675117950393e-05,0.17883878886960644,1.0281034926345454,1.2070029761792698,4.048919971616242,0.000976817548196463
2.00962058534248,1.5987233311333038,0.4489132305768753,0.0010078654580921032,0.0,0.0,0.0,0.0,6.024004258919487e-17,6.715995147689738e-05,0.17999788366102268,1.0309394959084053,1.2110045395209048,4.057257147052659,0.0010078654580921635
2.0133048047998576,1.6021138519671776,0.45086600547025224,0.0010431875263730672,0.0,0.0,0.0,0.0,6.022609951255209e-17,7.471860967849856e-05,0.18127880504434116,1.0340424662454988,1.2153959898995184,4.066284662237288,0.0010431875263731275
2.0172704614635992,1.6057542523113721,0.4529795377851578,0.001083117895775583,0.0,0.0,0.0,0.0,6.021062941043902e-17,8.35071264435047e-05,0.18268581775439122,1.0374185309711883,1.220187855852023,4.076004251560129,0.0010831178957756433
2.021520979903167,1.6096458099419797,0.45525496145249433,0.0011279323861142848,0.0,0.0,0.0,0.0,6.01938717891776e-17,9.362538656327355e-05,0.18422308051611108,1.041075093865622,1.2253917997682962,4.086421751297641,0.001127932386114345
2.0260610220711617,1.613790787841179,0.45769394836052196,0.0011779808102716674,0.0,0.0,0.0,0.0,6.017611426635377e-17,0.00010515497585088903,0.1858952825902732,1.0450209979696998,1.231021435535824,4.0975457582728625,0.0011779808102717277
2.0308951025244606,1.6181914056203293,0.460297756789398,0.0012339034197573278,0.0,0.0,0.0,0.0,6.015765281688953e-17,0.00011829680833252913,0.18770728839345568,1.0492656200323398,1.237091205234128,4.109384264934188,0.0012339034197573879
2.036025993149184,1.6228484550737452,0.46306764910782805,0.0012961096848840953,0.0,0.0,0.0,0.0,6.01387446496303e-17,0.00013319217087836676,0.1896645101045188,1.0538177039687946,1.2436154062441918,4.1219420973307574,0.0012961096848841554
2.0414534111189973,1.6277608864119617,0.46600344849720704,0.0013649930056269831,0.0,0.0,0.0,0.0,6.011957002579316e-17,0.0001499693414004469,0.191771696884284,1.0586849035827028,1.2506065698083872,4.135217746028166,0.0013649930056270432
2.047172768501153,1.6329244757856614,0.469104455070662,0.0014416310704372696,0.0,0.0,0.0,0.0,6.010022588822939e-17,0.00016875542674491963,0.19403375982805862,1.0638728783775524,1.2580753936323559,4.1492016993574765,0.0014416310704373297
2.0531761247427402,1.6383325148972694,0.47236880887108923,0.0015268113975480642,0.0,0.0,0.0,0.0,6.008074557585015e-17,0.00018979156905224836,0.19645526177979067,1.0693859372814336,1.2660309906302765,4.163877448511099,0.0015268113975481243
2.0594537736680656,1.6439774341982123,0.47579419472269363,0.001621161254810096,0.0,0.0,0.0,0.0,6.006113315676328e-17,0.0002136984900655791,0.19904100036907962,1.0752279867744403,1.2744826856335856,4.179225402588972,0.0016211612548101561
2.0647856322929883,1.6488995679896024,0.4790769718835669,0.001723142142124489,0.0,0.0,0.0,0.0,6.000798173062218e-17,0.00024039660741517353,0.20166118396012297,1.0807509231182555,1.2826525036857936,4.192762172166157,0.001723142142124549
2.069966091488816,1.6535642041743766,0.48199491990818827,0.0018366828577871604,0.0,0.0,0.0,0.0,5.998869147348606e-17,0.00027015174299196146,0.2045827383090871,1.0872418205166123,1.2920947105686915,4.205525215571381,0.0018366828577872204
2.0754139350064493,1.6584602654008533,0.48507088342158033,0.0019602919104838253,0.0,0.0,0.0,0.0,5.996915429625917e-17,0.00030258798248691777,0.2076709011508254,1.0940502847339,1.3020237738672122,4.218945083828883,0.001960291910483885
2.08112171363002,1.6635822100080417,0.4883029586317171,0.0020945715489902555,0.0,0.0,0.0,0.0,5.994945676825066e-17,0.00033805572421666345,0.21093063425882708,1.1011820111258197,1.3124507011088635,4.233006882269779,0.0020945715489903154
2.0870783361012166,1.6689220738811406,0.4916884064660012,0.002240257495326158,0.0,0.0,0.0,0.0,5.992961710199213e-17,0.0003770964596888942,0.21436642904447403,1.1086413564034785,1.3233848819076415,4.247688816448358,0.002240257495326218
2.0926107071670605,1.6739498104724009,0.49505922491724585,0.002397662632323034,0.0,0.0,0.0,0.0,5.989159415469126e-17,0.0004197233010791545,0.21790939092215852,1.116071457808153,1.3344005720313907,4.261619742556707,0.0023976626323230937
2.09741039227103,1.6782603020602702,0.49791466670521883,0.002569775367951679,0.0,0.0,0.0,0.0,5.987196052417483e-17,0.00046633029203198083,0.22170944657356134,1.1241489655375898,1.346324742403183,4.273585361036519,0.002569775367951739
2.1024498602038686,1.6827810949707398,0.5009199836575816,0.0027544382018527738,0.0,0.0,0.0,0.0,5.9852139097484e-17,0.0005164805616541851,0.22568873805908615,1.132542224238478,1.3587474428592183,4.28615093883219,0.0027544382018528336
2.107718102594765,1.6875047999150181,0.5040724523516045,0.0029524107955042726,0.0,0.0,0.0,0.0,5.983216550230567e-17,0.0005706935784026961,0.22985193112538926,1.1412567266026783,1.3716793513064702,4.299295354861387,0.0029524107955043325
2.112892362165075,1.69217842432065,0.5072917901339886,0.0031648486242775594,0.0,0.0,0.0,0.0,5.980364466642142e-17,0.000629137222874284,0.23416943312400618,1.1501237744280137,1.3849223447748942,4.312362576619713,0.0031648486242776192
2.1167331627540458,1.6956236979498522,0.5097907904910325,0.003391866720963748,0.0,0.0,0.0,0.0,5.978405044665639e-17,0.0006919368206740895,0.2386196311799784,1.1591791129633824,1.398490680964035,4.32214765119493,0.0033918667209638076
2.1204588593419413,1.6989509453849045,0.5122663213882429,0.0036311689383351393,0.0,0.0,0.0,0.0,5.976464698254616e-17,0.0007587433387194105,0.2431598290668777,1.1682874183596286,1.4122059907652256,4.331676126115089,0.003631168938335199
2.1240596332035877,1.7021568998694874,0.5147156471959443,0.003883775926998089,0.0,0.0,0.0,0.0,5.974563159737455e-17,0.0008299516137711031,0.2477930370124365,1.177450730256722,1.4260737188829298,4.34093218026902,0.0038837759269981487
2.1266889033741143,1.7045752364700888,0.5169273525579868,0.004150036583023613,0.0,0.0,0.0,0.0,5.97045514895418e-17,0.0009056796561035104,0.25242930558351345,1.1862156050779058,1.4395505903175227,4.34819149240219,0.004150036583023673
2.128555559888338,1.7062260823481816,0.5185605268858896,0.004432220132899917,0.0,0.0,0.0,0.0,5.968737817424711e-17,0.0009863763357057665,0.2572529571264224,1.1954419492009796,1.4536812826631076,4.353342169122409,0.004432220132899977
2.130304945296298,1.7077672668377022,0.5201643460481844,0.00472837290011624,0.0,0.0,0.0,0.0,5.967122053036538e-17,0.0010718518237825838,0.26216722716152185,1.204717598185074,1.4679566771703785,4.358236558182185,0.0047283729001163
2.131723361601082,1.7090339270784007,0.5216849515140665,0.00503941288114414,0.0,0.0,0.0,0.0,5.965076820927882e-17,0.0011622555186774468,0.26715221415822604,1.2139286828863642,1.4822431525632678,4.362442240193549,0.0050394128811442
2.1320565720131905,1.709314949405775,0.5226235284571428,0.005367163603273181,0.0,0.0,0.0,0.0,5.963768139266867e-17,0.0012580731758724884,0.2722555302642113,1.2232648596276279,1.4967784630677117,4.363995049876108,0.005367163603273241
2.1322812401507556,1.7094989454616811,0.5235301641044938,0.0057098657225741695,0.0,0.0,0.0,0.0,5.962612257202978e-17,0.001359052820859589,0.27744712599215443,1.2326416165825362,1.5114477953955503,4.36531034971693,0.005709865722574229
2.132298749553248,1.7095141243355867,0.5243805533067368,0.006068252616044091,0.0,0.0,0.0,0.0,5.961383872978617e-17,0.0014654113061825507,0.2827199492965918,1.242009683772639,1.5261950443754135,4.366193427195571,0.006068252616044151
2.131282165198248,1.7086107469171983,0.52470477333627,0.006443916079961,0.0,0.0,0.0,0.0,5.960593668177293e-17,0.0015775045587491142,0.2880955474017314,1.2514384324066714,1.5411114843671518,4.364597685451717,0.0064439160799610595
2.130153525088508,1.7076172527341773,0.5249950788467301,0.006835459777704726,0.0,0.0,0.0,0.0,5.959956267575772e-17,0.001695146393479734,0.29355537102570506,1.2608948747400803,1.5561453921592652,4.362765856669416,0.0068354597777047854
2.1286345872144263,1.706317948673527,0.5251832042403614,0.007243246627656833,0.0,0.0,0.0,0.0,5.958762571675375e-17,0.0018186040089388149,0.29907228261865487,1.270232653627775,1.5711235402553687,4.360135740128315,0.007243246627656893
2.126368615029189,1.704346992543462,0.5249493222537416,0.007668577767034934,0.0,0.0,0.0,0.0,5.958418206817839e-17,0.0019481460587901856,0.30470285130145564,1.2797098226893373,1.5863608200495831,4.355664929826393,0.007668577767034994
2.1239700873164105,1.7022769527963304,0.5246768641125703,0.008110329434714136,0.0,0.0,0.0,0.0,5.95815837998241e-17,0.0020836502782840744,0.3104116484035149,1.2891891058060787,1.6016844044878775,4.350923904225311,0.008110329434714195
2.1206726839981225,1.6995072888900706,0.5241779334533331,0.008568263036728162,0.0,0.0,0.0,0.0,5.955977143379975e-17,0.0022257624641509326,0.31611787414306114,1.298257544308844,1.616601180916056,4.344357906341526,0.00856826303672822
2.1170286821621254,1.696383751000186,0.5233381082920234,0.00904436612262227,0.0,0.0,0.0,0.0,5.955844347816097e-17,0.0023746373318640755,0.3219775107271372,1.3076996995770607,1.632051847636062,4.336750541454335,0.009044366122622329
2.1126753066205444,1.6927124641961182,0.5223191554763879,0.00953627412835677,0.0,0.0,0.0,0.0,5.954240774572681e-17,0.002530269876068818,0.32784648409089223,1.3168120334347013,1.6471887874016624,4.32770692629305,0.00953627412835683
2.107470056659756,1.6882631100653003,0.520756540934421,0.010045756618126922,0.0,0.0,0.0,0.0,5.954162162693956e-17,0.002693126340662714,0.3338425737292655,1.326186301320705,1.6627220013906332,4.3164897076594775,0.010045756618126981
2.1021280773189663,1.6837201796794175,0.5191515411296912,0.010570923461808136,0.0,0.0,0.0,0.0,5.954081866150506e-17,0.002863318929090759,0.3398984260907037,1.3355080990427837,1.678269844062578,4.304999798128075,0.010570923461808195
2.095931452941017,1.6785138263166919,0.5173309625764322,0.011110784306781963,0.0,0.0,0.0,0.0,5.952115711406447e-17,0.0030408217586217197,0.3459381486687925,1.3443942305835668,1.693373201010981,4.291776241834141,0.011110784306782022
2.0902795208330995,1.6736331907147062,0.5153148022825481,0.011669375912557836,0.0,0.0,0.0,0.0,5.95541219750168e-17,0.0032259110935944297,0.3522432837020888,1.3542601396762515,1.7097293344719346,4.279227513830354,0.011669375912557895
2.0849114215994553,1.6691529167278785,0.5137806128111181,0.01224223578227835,0.0,0.0,0.0,0.0,5.955306763141458e-17,0.0034185376394558703,0.3584704810466049,1.3634231115581368,1.7253121302441976,4.267844951138452,0.01224223578227841
2.0789326417615426,1.6642084902217071,0.5120901987134078,0.012831219441823105,0.0,0.0,0.0,0.0,5.953994137624459e-17,0.0036200825097633385,0.36471096556013366,1.3722890803187922,1.740620128388689,4.255231330696658,0.012831219441823164
2.0720803774341667,1.6584821963392091,0.5098670469048867,0.013437687634451329,0.0,0.0,0.0,0.0,5.953938082195223e-17,0.00383055415553178,0.37105964786585327,1.38134716552257,1.756237367543955,4.240429620678262,0.013437687634451388
2.0650942033573627,1.6526706787635024,0.5076020331943535,0.014059761552949747,0.0,0.0,0.0,0.0,5.953879745684195e-17,0.0040491560936875325,0.37745991239846677,1.3903342197390307,1.771843288231185,4.2253669153152185,0.014059761552949806
2.0585203940948418,1.6472036339553549,0.5054316556116765,0.01469884788978383,0.0,0.0,0.0,0.0,5.95532775533985e-17,0.004276730735948409,0.383973966252754,1.399549831522304,1.7878005285110063,4.2111556836618735,0.014698847889783888
2.051797831326885,1.64169907756434,0.5033589055888243,0.01535425398131773,0.0,0.0,0.0,0.0,5.95525675577757e-17,0.004513975338617341,0.39048139861284054,1.4084285377327597,1.8034239116842175,4.196855814480049,0.01535425398131779
2.0449334125362073,1.6361068384618145,0.5012419565685056,0.016027000812875534,0.0,0.0,0.0,0.0,5.95518745416028e-17,0.004761007157996045,0.397042664506884,1.417239931306178,1.8190436029710582,4.182282207566527,0.016027000812875593
2.0379215175913767,1.630422899112778,0.4990781052239538,0.016717403448878308,0.0,0.0,0.0,0.0,5.955116187374317e-17,0.005017863673760767,0.4036577752296077,1.4259808313215978,1.8346564702249664,4.167422521928109,0.016717403448878367
2.030271232553274,1.624259474257314,0.4967531570625864,0.017424730963658035,0.0,0.0,0.0,0.0,5.953810815721883e-17,0.005285084723583397,0.41027880382168747,1.4343847238018217,1.8499486123470925,4.151283863873174,0.017424730963658094
2.023520625755763,1.618882244709505,0.4947763974543588,0.018150239551352802,0.0,0.0,0.0,0.0,5.953730559753715e-17,0.00556319014488361,0.41699561776194694,1.4429966877843596,1.8655554956911902,4.1371792679196275,0.01815023955135286
2.0165702023550316,1.6133744131896597,0.4927423972372934,0.01889590767060403,0.0,0.0,0.0,0.0,5.953540675990465e-17,0.005852578852353759,0.4237642659129384,1.4515075394285357,1.8811243841938279,4.122687012781984,0.01889590767060409
2.008538382503732,1.6069410007766871,0.4901706195990335,0.019662738205164138,0.0,0.0,0.0,0.0,5.953501479754459e-17,0.006153626424720494,0.43059513526470483,1.45993558203465,1.8966843437240755,4.105650002879453,0.019662738205164197
2.00121677421127,1.601096964893741,0.4877669584785448,0.020449275294874947,0.0,0.0,0.0,0.0,5.955726617893514e-17,0.006466553081672059,0.4375656090375207,1.4687257604297694,1.9127579225489622,4.090080697583556,0.020449275294875006
1.9939126989011229,1.5954365650118663,0.4857540528793494,0.021254363679940828,0.0,0.0,0.0,0.0,5.954390306632977e-17,0.0067913197032317615,0.4444456443925644,1.4767604292326135,1.9279973933284098,4.0751033167923385,0.021254363679940887
1.9860496376311638,1.5892734126039934,0.48334590479338346,0.022082673881481694,0.0,0.0,0.0,0.0,5.954347529435789e-17,0.007128781671595855,0.45142851035250087,1.4849242169373849,1.9434815089614816,4.058668955028541,0.022082673881481753
1.9777334584601607,1.5827736416534481,0.48082290869339095,0.022931739195928717,0.0,0.0,0.0,0.0,5.953454559888741e-17,0.007478682702282512,0.4584286297607995,1.4928130380795919,1.958720350542674,4.041330008807,0.022931739195928776
1.9698487853335866,1.5766615283930447,0.4784427741986497,0.023802106935803514,0.0,0.0,0.0,0.0,5.953410333037448e-17,0.00784196704849842,0.4655033081959659,1.5007660409961034,1.9741113162405677,4.024953087925281,0.023802106935803573
1.9610094236095879,1.5698183539225103,0.4758321502240454,0.024693417903695315,0.0,0.0,0.0,0.0,5.951187662292851e-17,0.008218676633708758,0.4725441508389075,1.5081635282955879,1.988926355768204,4.006659927756144,0.024693417903695374
1.9515768409261656,1.5624366830838359,0.4728135141089108,0.025606499518241548,0.0,0.0,0.0,0.0,5.950118567405074e-17,0.008608844992353011,0.4796673821506286,1.5156411612681735,2.003917388411155,3.9868270381189124,0.025606499518241607
1.9424279657844898,1.5552936498537968,0.4698383888380436,0.02654006309578818,0.0,0.0,0.0,0.0,5.950051641409663e-17,0.009012367588450263,0.4868564265008384,1.52320163520561,2.0190704292948984,3.96756000447633,0.026540063095788238
1.9322108352911673,1.5472241876770945,0.4663237454128569,0.02749431541099832,0.0,0.0,0.0,0.0,5.950096381214511e-17,0.009430324235253997,0.4940836103816392,1.5306344869577113,2.0341484215746046,3.9457587683811184,0.02749431541099838
1.9218180163176029,1.539027739569278,0.46276907286417324,0.028467251468170286,0.0,0.0,0.0,0.0,5.949797027438424e-17,0.009862459791236056,0.5013280287075256,1.5378651691748197,2.0490556576735814,3.923614828751054,0.028467251468170345
1.911408038706535,1.5308232460082245,0.4591694827747319,0.02945857974514125,0.0,0.0,0.0,0.0,5.949842679044761e-17,0.010308817001182637,0.5085990343803073,1.5450438069616745,2.0639516583431643,3.9014007674894917,0.02945857974514131
1.9002558538747873,1.5220477327486575,0.4554005138622888,0.03046795130390274,0.0,0.0,0.0,0.0,5.948046667333197e-17,0.010769878140554816,0.5158314691841321,1.551708528573557,2.078309875898244,3.8777041004857336,0.0304679513039028
1.8895647560044284,1.5135493313500445,0.45146801829069344,0.031496467305158274,0.0,0.0,0.0,0.0,5.95011227313835e-17,0.011245951409116854,0.5232169531500892,1.5590075448774123,2.0934704494366185,3.8545821056451666,0.031496467305158336
1.8782135527999597,1.5046220082527997,0.4476382125053314,0.03254071346521624,0.0,0.0,0.0,0.0,5.947932577773527e-17,0.011736903863723235,0.5304673508655336,1.5653236331833253,2.1075278879125823,3.830473773558091,0.0325407134652163
1.8672952370200482,1.495955955590969,0.4436412878873822,0.033603534938445215,0.0,0.0,0.0,0.0,5.949504316359555e-17,0.012243312449912272,0.5378560143136997,1.5722481394278562,2.122347466191468,3.8068924804983992,0.03360353493844528
1.8565227405093991,1.4875067671148126,0.4400120111875163,0.03468184274010678,0.0,0.0,0.0,0.0,5.948034640248225e-17,0.012765415017455543,0.5451482754200037,1.5784163212784337,2.1363300117158928,3.784041518811728,0.03468184274010684
1.8454628910627662,1.4787551713346998,0.4360804108495341,0.0357779491864155,0.0,0.0,0.0,0.0,5.948125606833459e-17,0.013304312735780737,0.5524975123342302,1.5847501335186367,2.1505519585886477,3.760298473247,0.03577794918641556
1.8350250499192655,1.4704576799702707,0.4322868460040154,0.036892263358789916,0.0,0.0,0.0,0.0,5.949695827906077e-17,0.013860067788162197,0.5599185283598204,1.5912366787757481,2.165015274923731,3.737769575893551,0.03689226335878998
1.8244298028720485,1.462071862571848,0.42857003848413344,0.03802104120435524,0.0,0.0,0.0,0.0,5.949788026194139e-17,0.014433302343370622,0.5672873785853816,1.5972826465990082,2.1790033275277603,3.71507170392803,0.0380210412043553
1.813921146932431,1.4536971909635659,0.42485520043832825,0.0391637538085124,0.0,0.0,0.0,0.0,5.949884074704227e-17,0.01502464950080056,0.57466520787395,1.6031923523564449,2.1928822097311955,3.6924735383343252,0.03916375380851246
1.803486495582494,1.4453934906197314,0.421172234780102,0.04032104872132724,0.0,0.0,0.0,0.0,5.950180623149311e-17,0.015634959624167017,0.5820697242734373,1.609004564132213,2.206709248029817,3.670052220982327,0.0403210487213273
1.7932859849175558,1.4373142817902558,0.41763988671117896,0.04148872762755282,0.0,0.0,0.0,0.0,5.950277943452519e-17,0.016264397113517414,0.5894621974213681,1.6146354744272637,2.2203620689621495,3.6482401534189903,0.04148872762755288
1.783212122352416,1.4292514266503358,0.4141134073471271,0.042667763804829284,0.0,0.0,0.0,0.0,5.950380247145783e-17,0.016914213548916087,0.5968636390256858,1.6201299245894512,2.233907777164053,3.626576956349879,0.042667763804829346
1.7727653204644263,1.4209004127950824,0.410516104379931,0.04385730160892294,0.0,0.0,0.0,0.0,5.949477700088917e-17,0.01758479566636286,0.6042469228495084,1.625282071879057,2.2471137903949283,3.6041818376394392,0.043857301608923004
1.7629616260548586,1.4130855566804876,0.4071528280262231,0.04505325309721387,0.0,0.0,0.0,0.0,5.949581444356623e-17,0.01827630306076998,0.6116591420616001,1.6305187935443184,2.2604542386666884,3.5832000107615696,0.04505325309721393
1.753301293905091,1.4052922163738417,0.40380160927716935,0.04625655199264616,0.0,0.0,0.0,0.0,5.949691293929002e-17,0.018989496173986382,0.6190805091552668,1.6356309277885788,2.2737009331178317,3.562395119556102,0.04625655199264622
1.7430063756530592,1.3969994606857636,0.40032185460563263,0.047466855710414174,0.0,0.0,0.0,0.0,5.94811259631931e-17,0.01972511377485815,0.6264608987577894,1.6402701697532944,2.286456182285942,3.540327690944455,0.04746685571041424
1.733386503985253,1.3891626103530292,0.3968066562075281,0.048682507247895565,0.0,0.0,0.0,0.0,5.950337905242635e-17,0.02048346294959563,0.6339752517251429,1.6455673838615588,2.3000260985362972,3.5193557705458103,0.04868250724789563
1.723808356661941,1.381360252067907,0.39355422632480863,0.04989975368408422,0.0,0.0,0.0,0.0,5.94971210334057e-17,0.021264977419251423,0.641391933088449,1.6501735000487099,2.31283041055641,3.4987228350546564,0.04989975368408428
1.7138148095519383,1.3731620893119068,0.390026981246037,0.05111935455498128,0.0,0.0,0.0,0.0,5.949977483866814e-17,0.022069973196172505,0.6488409084788821,1.6548456100585547,2.3257564917336095,3.477003880109882,0.051119354554981344
1.7047696060062887,1.3657031663277757,0.38698028521568595,0.05233933228731101,0.0,0.0,0.0,0.0,5.949629262068775e-17,0.02289874221646917,0.6562712255942754,1.6593063253669353,2.33847629317768,3.4574530575497504,0.05233933228731107
1.6951187344428555,1.357698666272891,0.38361730707478187,0.05355950112872105,0.0,0.0,0.0,0.0,5.949786146308397e-17,0.023752010261866442,0.6637237726726625,1.6637663521280963,2.351242135062625,3.436434707790528,0.05355950112872111
1.6859826348213853,1.3499802145547486,0.38036062737561116,0.05477944937937942,0.0,0.0,0.0,0.0,5.95070857963564e-17,0.024630669793012788,0.6712132278536767,1.6682753920867077,2.364119289733397,3.416323476751745,0.05477944937937948
1.6766251872806197,1.3421136685194712,0.3771318144399252,0.055996816628300534,0.0,0.0,0.0,0.0,5.950865081706845e-17,0.025534317718674874,0.6786722816274673,1.672571105533552,2.376777704879694,3.3958706702400163,0.0559968166283006
1.668061107235577,1.3347245282060005,0.37405744028338195,0.05721258317429942,0.0,0.0,0.0,0.0,5.952431864281085e-17,0.026464264491926206,0.6861884281579778,1.6770552278212596,2.3897079204711638,3.3768430757249597,0.05721258317429948
1.6593216240248643,1.3272962522989877,0.3712505576205436,0.05842365490400622,0.0,0.0,0.0,0.0,5.950947740230973e-17,0.027420155207045185,0.6936124814231991,1.6808618132461215,2.401894449876366,3.357868433944396,0.058423654904006285
1.6512645071902456,1.3203547093207018,0.3684338605045574,0.05963255334057809,0.0,0.0,0.0,0.0,5.953290174590546e-17,0.028403216810476563,0.7011711808099409,1.6853690457101709,2.4149434433305883,3.340053077015505,0.059632553340578154
1.6440440188745025,1.3140130360611522,0.36604691266489386,0.06083836163870316,0.0,0.0,0.0,0.0,5.954721177582979e-17,0.029413707882859786,0.7087094414149276,1.6896489167274928,2.4277720660252804,3.324103967600548,0.06083836163870322
1.63667973427654,1.3076834135802164,0.36395791593282756,0.06204042420949229,0.0,0.0,0.0,0.0,5.953098122002856e-17,0.0304529549801872,0.7161715046498089,1.6932525323043106,2.4398769919343066,3.3083210637895837,0.06204042420949235
1.6300737746427185,1.302001706592274,0.3621417349681238,0.06323935491517878,0.0,0.0,0.0,0.0,5.953180309508498e-17,0.03152110284609846,0.7237010305614948,1.6971721164535303,2.4523942498611238,3.2942172162031165,0.06323935491517883
1.6240235869931543,1.2965908234141426,0.3604165402946952,0.06443730729375548,0.0,0.0,0.0,0.0,5.954119014431824e-17,0.03261907704360514,0.7312882676890726,1.701199558781404,2.465106903514082,3.281030950701992,0.06443730729375553
1.6182893789745778,1.2915315739492335,0.3589961806758961,0.06563376322109084,0.0,0.0,0.0,0.0,5.954198850968664e-17,0.03374702611824164,0.7388777821472491,1.704999414621854,2.4776242228873446,3.2688171335997076,0.0656337632210909
1.6133305179831132,1.2870381440575747,0.35775052720645795,0.06682945476052302,0.0,0.0,0.0,0.0,5.956102186986283e-17,0.0349059671402357,0.7465602679970063,1.7091114673973273,2.4905777025345692,3.2581191892471457,0.06682945476052307
1.6076869224477457,1.282046648834628,0.35645943078759484,0.06802335358158086,0.0,0.0,0.0,0.0,5.956179055501525e-17,0.03609612822478545,0.7542261652129137,1.7128096502504007,2.5031319436881,3.246193002069969,0.06802335358158092
1.6026805945568436,1.277369935024939,0.35527719997146445,0.0692169839103042,0.0,0.0,0.0,0.0,5.957334956714427e-17,0.037318512390324486,0.7619644404254782,1.7166541918293876,2.51593714464519,3.235327729553247,0.06921698391030426
1.5969714218956101,1.2721747271979351,0.3539829903162159,0.07041014288858485,0.0,0.0,0.0,0.0,5.957409349551201e-17,0.03857335624492016,0.7697089410682947,1.7202469236214932,2.528529220934708,3.223129139409761,0.07041014288858491
1.5911720395696056,1.2666597268938233,0.35262319901145217,0.07160133228681707,0.0,0.0,0.0,0.0,5.956500814021679e-17,0.03986157681024209,0.7774653479575628,1.7235610087157758,2.5408879334835808,3.210454965474881,0.07160133228681713
1.5847911103247037,1.2607086817249393,0.3511126811644356,0.0727894234838496,0.0,0.0,0.0,0.0,5.955570228209094e-17,0.041183158598373876,0.7852562900943346,1.7268399544094752,2.5532794031021835,3.1966124732140786,0.07278942348384966
1.5774651342567931,1.2535961894491294,0.34900578194007925,0.07397487383947675,0.0,0.0,0.0,0.0,5.955513883616125e-17,0.04253823932812053,0.7931067416536338,1.730244893906737,2.5658898748884913,3.180067105646002,0.0739748738394768
1.5699178611447975,1.2458379641184483,0.3466540355230767,0.07515860721263573,0.0,0.0,0.0,0.0,5.955603974395398e-17,0.04392763978660311,0.8009849026410293,1.7336167319868252,2.5785292744144575,3.1624098607863225,0.07515860721263579
1.5629548540719966,1.2381022383161875,0.34430951308407926,0.07633968516095903,0.0,0.0,0.0,0.0,5.955702315921569e-17,0.04535243012896829,0.8088876201378892,1.7369217347020378,2.5911617849688953,3.1453666054722635,0.07633968516095908
1.5560779509731084,1.2305032571365035,0.34200907809164727,0.07751821841709208,0.0,0.0,0.0,0.0,5.956186003724695e-17,0.04681213523634785,0.8168285380906553,1.7402317754865426,2.603872448813546,3.1285902862012596,0.07751821841709214
1.5481721753112794,1.2221157528006001,0.33943396437249784,0.07869560309031523,0.0,0.0,0.0,0.0,5.956283914036398e-17,0.04830698349970879,0.8247793434931939,1.7433979605139065,2.6164842875068093,3.1097218924843775,0.07869560309031529
1.5408820798953873,1.2137286863325834,0.33686461870007456,0.0798708750177359,0.0,0.0,0.0,0.0,5.956389891592935e-17,0.049837293166951104,0.8327517568915798,1.7464936769078812,2.629082726966412,3.091475384928045,0.07987087501773596
1.53403935859273,1.2057690135162398,0.3344111708527832,0.08104232733426582,0.0,0.0,0.0,0.0,5.957809472948923e-17,0.0514033026892824,0.8407828072015794,1.749784505797989,2.6419706156888507,3.074219542961753,0.08104232733426588
1.526444072728061,1.1973688050145639,0.3320621738051748,0.08221095336473194,0.0,0.0,0.0,0.0,5.955240702302203e-17,0.05300549723023823,0.8487360979969361,1.7521813545098492,2.653922949737024,3.0558750515477997,0.082210953364732
1.5179020734167612,1.1882612890985598,0.32923314491531275,0.08337430053845783,0.0,0.0,0.0,0.0,5.955354225963589e-17,0.05464418361002403,0.8567714614183757,1.7550616325835584,2.666477277611958,3.035396507430634,0.08337430053845789
1.5108339007448786,1.179711631236952,0.32655405280743366,0.08452923668361616,0.0,0.0,0.0,0.0,5.957170556300321e-17,0.05631963614985089,0.8648720186026112,1.75820851130307,2.679400166055532,3.017099584789264,0.08452923668361621
1.5032905917025048,1.170942202546157,0.324014903362539,0.08567625279525423,0.0,0.0,0.0,0.0,5.955788576917393e-17,0.0580325438891076,0.8729101855555931,1.7606203029854248,2.6915630324301256,2.998247697611201,0.08567625279525429
1.4945242894347197,1.1612509600479188,0.3209474736151552,0.08681437565596496,0.0,0.0,0.0,0.0,5.956653370763157e-17,0.05978296896879032,0.8810214315321221,1.7634241367362122,2.7042285372371246,2.9767227230977937,0.08681437565596502
1.4871794148411854,1.1520578983255194,0.3181874213938727,0.08794279643625734,0.0,0.0,0.0,0.0,5.956751293949284e-17,0.06157092017617231,0.8891256177292896,1.7659949527953092,2.716691490700771,2.9574247345605773,0.0879427964362574
1.4797958057677387,1.1430311105630873,0.3154643243326906,0.0890605552234321,0.0,0.0,0.0,0.0,5.957325491792677e-17,0.0633975347188932,0.8972607312929917,1.7685913314240023,2.7292495974358872,2.9382912406635167,0.08906055522343216
1.4720811260119961,1.133885846518141,0.312900903332851,0.0901677328549269,0.0,0.0,0.0,0.0,5.955122587350088e-17,0.0652634486681792,0.9053478808061567,1.7705339761588705,2.7411453056332062,2.918867875862988,0.09016773285492695
1.4632160229231403,1.123887340283066,0.30982365877332113,0.09126419530102002,0.0,0.0,0.0,0.0,5.955719462330451e-17,0.06716839655053579,0.9135157718788095,1.7729755719787148,2.75365974040806,2.8969270219795273,0.09126419530102008
1.456066113146471,1.1145233061199347,0.3070934856289334,0.0923488663309931,0.0,0.0,0.0,0.0,5.955803186855849e-17,0.06911250675047034,0.9216815928069668,1.7752261806110394,2.7660202801684766,2.877682904895339,0.09234886633099315
1.448626126560135,1.105174221723677,0.3043601231969079,0.09342063352925704,0.0,0.0,0.0,0.0,5.955893048336319e-17,0.0710962394928254,0.9298643843972108,1.7774040234820416,2.7783646473720776,2.85816047148072,0.0934206335292571
1.4409640789483598,1.095738168285088,0.3016068811202528,0.09448052818279135,0.0,0.0,0.0,0.0,5.955649882065482e-17,0.07311981842354698,0.9380661712377383,1.779438311791681,2.790624301452966,2.8383091283537007,0.0944805281827914
1.4320849830261448,1.0853552769762913,0.29849293920949305,0.0955286045040844,0.0,0.0,0.0,0.0,5.955739749499702e-17,0.07518302534640936,0.9462799812137359,1.7814693400550823,2.8029323466152274,2.815933199211929,0.09552860450408446
1.424122198705589,1.0749787390250953,0.2953637647889045,0.09656221913315392,0.0,0.0,0.0,0.0,5.955834471278943e-17,0.07728566170696666,0.9545053449297004,1.7834247890133712,2.8152157956500385,2.7944647025195892,0.09656221913315398
1.4167726523507518,1.0651716756432343,0.29237078080732043,0.09758104154610768,0.0,0.0,0.0,0.0,5.957718094296185e-17,0.07942762391051547,0.962791696557786,1.7856714546411692,2.827890775109471,2.7743151088013067,0.09758104154610774
1.4095722054225968,1.0556356081828058,0.28963043047300746,0.09858593076991978,0.0,0.0,0.0,0.0,5.95779909269589e-17,0.08160921589639294,0.9710403589449715,1.787456629509648,2.840106204351012,2.75483824407841,0.09858593076991984
1.4011903728551582,1.045438378751857,0.28671957773090945,0.09957671088211292,0.0,0.0,0.0,0.0,5.955786664950395e-17,0.0838303119928711,0.9792570423571505,1.7887211903823692,2.851808544732391,2.733348329337925,0.09957671088211298
1.3918580888930394,1.034450489740354,0.28339167534572635,0.10055139915137525,0.0,0.0,0.0,0.0,5.955864825136565e-17,0.08609074039491914,0.9875253434987968,1.7903515617537904,2.8639676456475063,2.7097002539791197,0.1005513991513753
1.38356639282693,1.02343992425359,0.28003998264914426,0.10150927933015289,0.0,0.0,0.0,0.0,5.955974020603817e-17,0.08839066670577604,0.9958004510821681,1.7919117371755988,2.876102854963543,2.6870462997296642,0.10150927933015294
1.37608589356127,1.0132404017197276,0.27706704868833504,0.10245051100878395,0.0,0.0,0.0,0.0,5.95603771994708e-17,0.09072993803116661,1.0040785711203293,1.7933839324083678,2.8881924415598634,2.6663933439693324,0.10245051100878401
1.3686597393181377,1.0033972980087418,0.27416664512842875,0.10337494829826065,0.0,0.0,0.0,0.0,5.957261840861203e-17,0.09310800466744901,1.0124003139691262,1.7950272407612387,2.900535559397814,2.646223682455308,0.1033749482982607
1.3609356862241941,0.9934806541513849,0.27148294574860543,0.10428213494267202,0.0,0.0,0.0,0.0,5.954913981497446e-17,0.09552459832318899,1.0206464029323246,1.7958294420866252,2.912000443342139,2.6258992861241843,0.10428213494267208
1.3526801035813656,0.9834077023899821,0.26850133155595357,0.1051730663941669,0.0,0.0,0.0,0.0,5.957488566805235e-17,0.09797949831493952,1.0290280063029142,1.7976079371621252,2.924615441779979,2.604589137527301,0.10517306639416696
1.346377946471431,0.9740621861946025,0.26595593074330315,0.10604714209958743,0.0,0.0,0.0,0.0,5.958537675742695e-17,0.10047277298040616,1.0373796549271215,1.7989918960330729,2.9368443239406004,2.5863960634093366,0.10604714209958749
1.3409469047937086,0.965990331669651,0.26402941093561844,0.10690399841308126,0.0,0.0,0.0,0.0,5.959130422059872e-17,0.10300409698736514,1.0457352067260397,1.8002142474082399,2.9489535511216447,2.570966647398978,0.10690399841308132
1.33626187893673,0.9591888660521718,0.26271592619624656,0.10774415932941594,0.0,0.0,0.0,0.0,5.959144109794804e-17,0.10557236017008197,1.0541008038401714,1.8012521811301472,2.9609253451404003,2.5581666711851483,0.107744159329416
1.329684711292486,0.9515038068954556,0.2611770581634014,0.10857025227517643,0.0,0.0,0.0,0.0,5.956544045774384e-17,0.10817693726395308,1.0624378129139145,1.801663270102257,2.9722780202801244,2.542365576351343,0.10857025227517648
1.322335660035713,0.9431304580743788,0.2592084386117153,0.10938198700987106,0.0,0.0,0.0,0.0,5.957213780419042e-17,0.1108177888279091,1.0708740668906591,1.802710838397454,2.984402694116022,2.5246745567218074,0.10938198700987112
1.3176311323449215,0.9359796500459596,0.25783157498072357,0.1101790679660636,0.0,0.0,0.0,0.0,5.957226215771498e-17,0.11349470091088021,1.0793191753805063,1.8035654196282018,2.9963792959195885,2.5114423573716045,0.11017906796606365
1.3118918503956722,0.9286698434365309,0.256349151520938,0.11093989236330803,0.0,0.0,0.0,0.0,5.957240962652239e-17,0.11610406935779191,1.0875238801985367,1.8044043938946865,3.0080323434510152,2.4969108453531415,0.11093989236330809
1.305563660998237,0.9207527380420965,0.25465628879627716,0.11166530313562939,0.0,0.0,0.0,0.0,5.955911048192966e-17,0.11864441345754335,1.0954567035123062,1.804937585060743,3.0190387020305924,2.4809726878366107,0.11166530313562945
1.2987046450912276,0.9121548172196324,0.2524894376052648,0.1123560991564857,0.0,0.0,0.0,0.0,5.958598433339838e-17,0.12111399715173927,1.1032332690180235,1.8062910724188732,3.030638338588636,2.4633488999161246,0.11235609915648576
1.2939636454543337,0.9041184423010035,0.2506994788907733,0.11301493578864455,0.0,0.0,0.0,0.0,5.95861369676029e-17,0.12351207279291682,1.110698892362822,1.807064039061072,3.0412750042168106,2.4487815666461104,0.1130149357886446
1.2871597118086957,0.8949962330985048,0.24859595207518095,0.11364421306283982,0.0,0.0,0.0,0.0,5.955707521355696e-17,0.1258370703428856,1.117861824481526,1.8072165341809654,3.050915429005377,2.430751896982381,0.11364421306283988
1.279900174812525,0.885254194980641,0.24604442991399922,0.11424467243694324,0.0,0.0,0.0,0.0,5.95721569641685e-17,0.12808728595777782,1.124856611305733,1.8082550227638625,3.0611989200273735,2.411198799707165,0.11424467243694329
1.2755119612247547,0.8765222588162241,0.24397601291035595,0.11481752361091492,0.0,0.0,0.0,0.0,5.957231320094394e-17,0.13026123528396283,1.1315617007112397,1.808958546233049,3.0707814822282518,2.3960102329513346,0.11481752361091498
1.2701117982360515,0.8676220455531547,0.2418010506438698,0.1153631080981592,0.0,0.0,0.0,0.0,5.957249267737483e-17,0.13235853860796737,1.1380124761380153,1.8096393009345269,3.0800103156805094,2.379534894433076,0.11536310809815925
1.2638409077347503,0.8578871689753967,0.2393770608600579,0.115882301894854,0.0,0.0,0.0,0.0,5.955075419742612e-17,0.13437698722309974,1.1441723600027445,1.8098620324815262,3.0884113797073702,2.3611051375702052,0.11588230189485406
1.257101290774576,0.8475297026048575,0.23654638443710438,0.11637604917279265,0.0,0.0,0.0,0.0,5.957392412909542e-17,0.13631481097414314,1.150156428952743,1.810968757854953,3.097439997781839,2.341177377816538,0.1163760491727927
1.2532129106965566,0.8380294253005679,0.2341543496143762,0.11684365085708145,0.0,0.0,0.0,0.0,5.957410683686343e-17,0.1381708861771274,1.1558291647499341,1.8115775945729613,3.1055776455000226,2.325396685611501,0.11684365085708151
1.2482062951047426,0.8283690022181631,0.23165648435982286,0.11728574831480558,0.0,0.0,0.0,0.0,5.957431027669477e-17,0.13994480463375175,1.161242387818341,1.81216863409708,3.1133558265491725,2.308231781682729,0.11728574831480564
1.2431875005973196,0.8185424848533416,0.22904353438865152,0.117703906201995,0.0,0.0,0.0,0.0,5.957453395491542e-17,0.14163486632975644,1.1663929161733282,1.8127396638562554,3.12076744635934,2.2907735198393127,0.11770390620199506
1.2389345344088232,0.8091519158523464,0.2264681566474695,0.11809743371199412,0.0,0.0,0.0,0.0,5.959430953326639e-17,0.14323961403005747,1.1713206838435972,1.8136982820703895,3.1282585799440445,2.2745546069086386,0.11809743371199417
1.2356709933445769,0.8005298598901266,0.22432205526407406,0.11846562142572785,0.0,0.0,0.0,0.0,5.95857358626865e-17,0.14475812371329183,1.1759303807790047,1.8140652187571105,3.134753723249407,2.2605229084987775,0.1184656214257279
1.2293349790777028,0.7901991392370695,0.22156502819166957,0.11881033536745295,0.0,0.0,0.0,0.0,5.95860045698618e-17,0.1461900556701803,1.1802876027532274,1.8145815952885822,3.14105925371199,2.241099146506442,0.118810335367453
1.2249210491144287,0.7797141076749539,0.21870055493401788,0.11913206779912673,0.0,0.0,0.0,0.0,5.958627265886313e-17,0.14753390246746195,1.184376334045263,1.8150828914061032,3.1469931279188286,2.2233357117234007,0.11913206779912679
1.2205048986448368,0.7690761640932576,0.21572774474225073,0.11943002215516921,0.0,0.0,0.0,0.0,5.9586548328742e-17,0.14878814269911791,1.1881941592425243,1.8155689796376973,3.1525512815793393,2.2053088074803453,0.11943002215516926
1.2170037575970656,0.7590113771516467,0.21281983033008744,0.1197035287546487,0.0,0.0,0.0,0.0,5.960971557227141e-17,0.14995182794010756,1.1917889739655332,1.8165220527243242,3.1582628546299647,2.1888349650788,0.11970352875464875
1.214621375491653,0.7498140382282531,0.21033313112462346,0.11995380301813914,0.0,0.0,0.0,0.0,5.960990510551001e-17,0.15102457016668597,1.1950626780773077,1.8169756860421993,3.163062934286193,2.1747685448445297,0.1199538030181392
1.211013294823053,0.7404900523080403,0.20774390237308138,0.12018195201610715,0.0,0.0,0.0,0.0,5.961011774348743e-17,0.15200474510886197,1.1980653497404659,1.8174165158862556,3.1674866107355832,2.159247249504175,0.12018195201610721
1.2074274984017297,0.7310196814075157,0.20505054920283308,0.12038734167043891,0.0,0.0,0.0,0.0,5.961035003500741e-17,0.15289112263519178,1.2007947183401355,1.817843854428679,3.171529695404006,2.1434977290120782,0.12038734167043896
1.2038649552997456,0.7214040829830368,0.20225196711122168,0.12056961090793593,0.0,0.0,0.0,0.0,5.961060158053979e-17,0.1536830863716856,1.2032480054478456,1.8182623779452483,3.1751934697647792,2.127521005394004,0.12056961090793598
1.201081087785472,0.7122510309395271,0.19950428865609773,0.12072854485231344,0.0,0.0,0.0,0.0,5.962923169890897e-17,0.1543799677836147,1.205470831982973,1.8190865073981846,3.178937307164772,2.112836407381097,0.12072854485231349
1.1974440337747045,0.7023091389293272,0.19667510319457135,0.12086488801312026,0.0,0.0,0.0,0.0,5.963011951712486e-17,0.15498023933224128,1.2073699140517344,1.8195048491209178,3.1818550025048937,2.096428275898603,0.12086488801312031
1.1946128801754843,0.6922260957423314,0.1937422139125063,0.1209791598603424,0.0,0.0,0.0,0.0,5.963097407404581e-17,0.15548239365276292,1.2089886897504887,1.8199148264459646,3.184385909849216,2.080581189830322,0.12097915986034245
1.1918131948028508,0.6820019980648476,0.19070376683601062,0.12107122068338702,0.0,0.0,0.0,0.0,5.963179498431606e-17,0.15588596133631222,1.2103246286223361,1.8203145992272227,3.186525189185871,2.064518959703709,0.12107122068338708
1.1890465719799306,0.6716374065265798,0.18755900604774411,0.12114086842201369,0.0,0.0,0.0,0.0,5.963258435274594e-17,0.15619041291076274,1.211375592492495,1.820712083257414,3.1882780886606716,2.0482429845542542,0.12114086842201374
1.1873681702829244,0.6619787206297942,0.1845137457910705,0.12118747670516548,0.0,0.0,0.0,0.0,5.965950027660475e-17,0.15639445385883893,1.212198656495478,1.8216748086132126,3.1902679189675296,2.033860636703789,0.12118747670516554
1.1866443079692541,0.6530322153700315,0.18182095071279858,0.12121021345605744,0.0,0.0,0.0,0.0,5.966013334911953e-17,0.1564967431775151,1.2126781821761743,1.8220733165152887,3.191248241868978,2.021497474052084,0.1212102134560575
1.1846837731032176,0.6439821253265028,0.17903756366529544,0.12121021345605744,0.0,0.0,0.0,0.0,5.96607417245016e-17,0.1564967431775151,1.2128717397700957,1.8224750083402586,3.1918434912878695,2.007703462095016,0.1212102134560575
1.182900403393144,0.6349405496945775,0.1762370785104646,0.12121021345605744,0.0,0.0,0.0,0.0,5.966132190517219e-17,0.1564967431775151,1.2130479880851497,1.822843115969842,3.1923878472325065,1.994078031598186,0.1212102134560575
1.1816431703432286,0.6263337583645758,0.1735224540776757,0.12121021345605744,0.0,0.0,0.0,0.0,5.967534433648309e-17,0.1564967431775151,1.21323519838758,1.823465401595807,3.193197343160902,1.98149938278548,0.1212102134560575
1.181907541151769,0.6190660452954491,0.17136160513746998,0.12121021345605744,0.0,0.0,0.0,0.0,5.967578133636879e-17,0.1564967431775151,1.213377542931883,1.8237668645082974,3.1936411506176956,1.972335191584688,0.1212102134560575
1.180759302622167,0.6117991485351967,0.1691866899612774,0.12121021345605744,0.0,0.0,0.0,0.0,5.967619532766799e-17,0.1564967431775151,1.2135070728804356,1.8240421860394633,3.194046002097414,1.9617451411186408,0.1212102134560575
1.1807535411639356,0.6054476796011016,0.1672042334479104,0.12121021345605744,0.0,0.0,0.0,0.0,5.970582457275226e-17,0.1564967431775151,1.2136778730301243,1.82489418772821,3.1950688039358495,1.9534054542129475,0.1212102134560575
1.1817360239995491,0.6000087752024036,0.1656600543417283,0.12121021345605744,0.0,0.0,0.0,0.0,5.970611586022841e-17,0.1564967431775151,1.2137855687656967,1.8251224878491359,3.195404799792348,1.9474048535436812,0.1212102134560575
1.1811205260737878,0.5945696664091067,0.16410532696329416,0.12121021345605744,0.0,0.0,0.0,0.0,5.970638995478542e-17,0.1564967431775151,1.213884503361935,1.8253321517776795,3.1957133983171295,1.9397955194461887,0.1212102134560575
1.1804921229825052,0.5891309167028483,0.16254001002595186,0.12121021345605744,0.0,0.0,0.0,0.0,5.970664837766807e-17,0.1564967431775151,1.2139743503158495,1.8255229840448244,3.195994077538189,1.9321630497113054,0.1212102134560575
1.1807014785977497,0.584360111412805,0.1611054449269865,0.12121021345605744,0.0,0.0,0.0,0.0,5.972883208759761e-17,0.1564967431775151,1.214089515798653,1.826128904099623,3.1967151630757913,1.926167034937541,0.1212102134560575
1.182253995699102,0.5807724576833381,0.16013771147542338,0.12121021345605744,0.0,0.0,0.0,0.0,5.972898419695249e-17,0.1564967431775151,1.2141636386139933,1.8262854976465137,3.1969458794380223,1.9231641648578635,0.1212102134560575
1.1820194341994141,0.5771724011179692,0.159160463202071,0.12121021345605744,0.0,0.0,0.0,0.0,5.97291322523918e-17,0.1564967431775151,1.214232508418434,1.8264305704496253,3.1971598220455744,1.918352298519454,0.1212102134560575
1.1817763906980165,0.573571831280308,0.15817640663111057,0.12121021345605744,0.0,0.0,0.0,0.0,5.972927320332774e-17,0.1564967431775151,1.2142959836937575,1.8265639284794106,3.197356655350683,1.9135246286094352,0.1212102134560575
1.1815249405626795,0.5699775128102038,0.15719255409019872,0.12121021345605744,0.0,0.0,0.0,0.0,5.972940666329444e-17,0.1564967431775151,1.2143539329311988,1.8266854272254935,3.1975361033342073,1.908695007463082,0.1212102134560575
1.1812652107301018,0.5664011172852227,0.1562018759931714,0.12121021345605744,0.0,0.0,0.0,0.0,5.972953346398679e-17,0.1564967431775151,1.2144062323969584,1.8267949640707353,3.1976979396452085,1.9038682040084958,0.1212102134560575
1.1813269311107908,0.5630818099668514,0.15525490195036765,0.12121021345605744,0.0,0.0,0.0,0.0,5.97383635194415e-17,0.1564967431775151,1.2144641336269144,1.8270568677605727,3.198017744565002,1.89966364302801,0.1212102134560575
1.1832266896401291,0.5613157880744508,0.15480954506565747,0.12121021345605744,0.0,0.0,0.0,0.0,5.97383745846364e-17,0.1564967431775151,1.2145057805603847,1.8271422971264497,3.1981448208643495,1.8993520227802374,0.1212102134560575
1.1832063341601728,0.5595497164320247,0.15436105109487278,0.12121021345605744,0.0,0.0,0.0,0.0,5.973840397832966e-17,0.1564967431775151,1.2145451164984988,1.8272227861205361,3.19826464579655,1.8971171016870703,0.1212102134560575
1.1831823458969957,0.557783463544445,0.15390935355604726,0.12121021345605744,0.0,0.0,0.0,0.0,5.973844310625142e-17,0.1564967431775151,1.2145820715435287,1.8272981245074786,3.198376939228522,1.8948751629974878,0.1212102134560575
1.183154560682412,0.5560169812827332,0.1534544041866801,0.12121021345605744,0.0,0.0,0.0,0.0,5.973848652375237e-17,0.1564967431775151,1.2146165808683318,1.8273681557608077,3.1984814798066545,1.8926259461518256,0.1212102134560575
1.1831229068835067,0.5542502867518676,0.1529961797821886,0.12121021345605744,0.0,0.0,0.0,0.0,5.973853122966154e-17,0.1564967431775151,1.2146485544473906,1.8274327649960047,3.1985780626209106,1.8903693734175628,0.1212102134560575
1.1830873774762043,0.5524834393880679,0.1525346614300688,0.12121021345605744,0.0,0.0,0.0,0.0,5.973857590706044e-17,0.1564967431775151,1.214677954400846,1.8274918660017112,3.198666563580072,1.8881054782943412,0.1212102134560575
1.183048004797667,0.5507165207418001,0.15206983521908488,0.12121021345605744,0.0,0.0,0.0,0.0,5.973862023701262e-17,0.1564967431775151,1.2147047348515747,1.8275453900109808,3.198746868040071,1.885834360758552,0.1212102134560575
1.183004840888635,0.5489496278082237,0.1516016733561752,0.12121021345605744,0.0,0.0,0.0,0.0,5.973866436958243e-17,0.1564967431775151,1.214728852895487,1.827593276252012,3.198818872325014,1.8835561420530338,0.1212102134560575
1.1831649105693112,0.547342935168552,0.15115893680476092,0.12121021345605744,0.0,0.0,0.0,0.0,5.974432336563744e-17,0.1564967431775151,1.2147561049235645,1.8277360498678328,3.1989888979689125,1.881666782542624,0.1212102134560575
1.1852152515029808,0.5473108215039263,0.15117272901683076,0.12121021345605744,0.0,0.0,0.0,0.0,5.974366250199816e-17,0.1564967431775151,1.2147749188688934,1.8277618861399165,3.199033548186325,1.883698802023738,0.1212102134560575
1.185229147804439,0.5472795694392999,0.15118682189403865,0.12121021345605744,0.0,0.0,0.0,0.0,5.974305595011216e-17,0.1564967431775151,1.2147941255876407,1.8277888421934672,3.199079710958623,1.8836955391377774,0.1212102134560575
1.1852451216478856,0.5472491329979433,0.15120120904078285,0.12121021345605744,0.0,0.0,0.0,0.0,5.97425017670599e-17,0.1564967431775151,1.2148137318778607,1.8278168998701132,3.1991273749254887,1.8836954636866117,0.1212102134560575
1.1852631063903891,0.5472194319781497,0.1512158824782172,0.12121021345605744,0.0,0.0,0.0,0.0,5.974199767386793e-17,0.1564967431775151,1.2148337456105256,1.827846035441604,3.1991765242296446,1.883698420846756,0.1212102134560575
1.1852830263408956,0.5471903757741585,0.1512308329088616,0.12121021345605744,0.0,0.0,0.0,0.0,5.974154114164637e-17,0.1564967431775151,1.2148541757052267,1.8278762209822643,3.1992271398650063,1.8837042350239157,0.1212102134560575
1.1853047994098291,0.5471618653513538,0.1512460499485369,0.12121021345605744,0.0,0.0,0.0,0.0,5.974112946667193e-17,0.1564967431775151,1.214875032119076,1.8279074255788734,3.1992792008754645,1.88371271470972,0.1212102134560575
1.1853283393988514,0.5471337949018154,0.15126152232505585,0.12121021345605744,0.0,0.0,0.0,0.0,5.974075983490932e-17,0.1564967431775151,1.2148963258482086,1.8279396163836126,3.1993326854093365,1.8837236566257225,0.1212102134560575
1.18535355795464,0.5471060531985967,0.15127723804431956,0.12121021345605744,0.0,0.0,0.0,0.0,5.974042937669108e-17,0.1564967431775151,1.2149180689412447,1.8279727595199562,3.1993875716387157,1.8837368491975561,0.1212102134560575
1.185380366213225,0.5470785246747222,0.15129318452499135,0.12121021345605744,0.0,0.0,0.0,0.0,5.974013521234683e-17,0.1564967431775151,1.2149402745188949,1.8280068208543652,3.199443838550775,1.8837520754129387,0.1212102134560575
1.1854086761651645,0.5470510902385639,0.15130934870356463,0.12121021345605744,0.0,0.0,0.0,0.0,5.973987448967261e-17,0.1564967431775151,1.2149629568089988,1.8280417666432842,3.199501466629798,1.883769115107293,0.1212102134560575
1.185438401767314,0.5470236278534978,0.15132571711131754,0.12121021345605744,0.0,0.0,0.0,0.0,5.973964441399923e-17,0.1564967431775151,1.2149861311886518,1.8280775640694036,3.1995604384355705,1.8837877467321296,0.1212102134560575
1.1850702432359368,0.5466899665034599,0.15129207783370982,0.12121021345605744,0.0,0.0,0.0,0.0,5.972829580692516e-17,0.1564967431775151,1.2150008590131434,1.8279259342340197,3.1994235364246784,1.8830522875731066,0.1212102134560575
1.1833765260968774,0.5452095801628681,0.15090328672987555,0.12121021345605744,0.0,0.0,0.0,0.0,5.974330327853867e-17,0.1564967431775151,1.2150316702597097,1.8281979101028392,3.199726323540064,1.879489392989621,0.1212102134560575
1.1839551398850212,0.5438683604417677,0.15051604611348346,0.12121021345605744,0.0,0.0,0.0,0.0,5.975908527307222e-17,0.1564967431775151,1.2150620234294571,1.8284797791256597,3.2000385457326317,1.8783395464402721,0.1212102134560575
1.184555358049751,0.5425444574452454,0.15013010291781884,0.12121021345605744,0.0,0.0,0.0,0.0,5.977555050710885e-17,0.1564967431775151,1.2150919026700464,1.8287702494914673,3.2003588953390287,1.8772299184128152,0.1212102134560575
1.1851743869665463,0.5412357545737319,0.14974522019719516,0.12121021345605744,0.0,0.0,0.0,0.0,5.979261479762475e-17,0.1564967431775151,1.2151212909483664,1.829068123678836,3.2006861578047174,1.8761553617374733,0.1212102134560575
1.185809684940882,0.5399403312360918,0.14936282992268904,0.12121021345605744,0.0,0.0,0.0,0.0,5.981020168929803e-17,0.1564967431775151,1.215150170752011,1.8293723093722198,3.2010192233017456,1.8751128460996627,0.1212102134560575
1.186458967767726,0.5386684926600658,0.14898384103033518,0.12121021345605744,0.0,0.0,0.0,0.0,5.982824257996768e-17,0.1564967431775151,1.2151785245510434,1.8296818227081397,3.201357090436698,1.874111301458127,0.1212102134560575
1.1871202024700354,0.5374066846151181,0.14860532067977877,0.12121021345605744,0.0,0.0,0.0,0.0,5.984667650175512e-17,0.1564967431775151,1.2152063350807705,1.829995786210422,3.2016988644687077,1.8731322077649322,0.1212102134560575
1.1877915935149854,0.536153562180155,0.1482271116301869,0.12121021345605744,0.0,0.0,0.0,0.0,5.986544968440691e-17,0.1564967431775151,1.2152335854961747,1.8303134233182343,3.202043751991924,1.8721722673253274,0.1212102134560575
1.188471564740572,0.5349079490887396,0.14784907508471393,0.12121021345605744,0.0,0.0,0.0,0.0,5.988451499587115e-17,0.1564967431775151,1.2152602594375976,1.8306340509418406,3.202391053556953,1.8712285889140254,0.1212102134560575
1.189158739501102,0.5336688227786512,0.14747108917581533,0.12121021345605744,0.0,0.0,0.0,0.0,5.990383132771674e-17,0.1564967431775151,1.215286331235739,1.8309570708948553,3.202740145308109,1.8702986514555686,0.1212102134560575
1.1898519198134145,0.5324352981571084,0.14709304733751363,0.12121021345605744,0.0,0.0,0.0,0.0,5.992336297071619e-17,0.1564967431775151,1.2153117821244557,1.831281961519654,3.203090486821625,1.8693802653080367,0.1212102134560575
1.1905500665338173,0.5312066119904646,0.14671485670660692,0.12121021345605744,0.0,0.0,0.0,0.0,5.994307901010305e-17,0.1564967431775151,1.2153365962436018,1.8316082691837674,3.2034416086048845,1.868471535230889,0.1212102134560575
1.1912522806656012,0.529982108919648,0.14633643658853096,0.12121021345605744,0.0,0.0,0.0,0.0,5.996295275766391e-17,0.1564967431775151,1.2153607580412469,1.8319356002605425,3.203793101479304,1.8675708261737802,0.1212102134560575
1.1919577860961663,0.5287612284508084,0.14595771702657703,0.12121021345605744,0.0,0.0,0.0,0.0,5.998296122979921e-17,0.1564967431775151,1.2153842521970497,1.8322636137641577,3.2041446091387225,1.8666767315735517,0.1212102134560575
1.192665913991089,0.5275434943686128,0.1455786273918713,0.12121021345605744,0.0,0.0,0.0,0.0,6.000308467623738e-17,0.1564967431775151,1.2154070221638429,1.8325920157200846,3.2044957810614427,1.865788035751573,0.1212102134560575
1.1933760886151388,0.5263285049591386,0.145199112196602,0.12121021345605744,0.0,0.0,0.0,0.0,6.002330615594834e-17,0.1564967431775151,1.215429039793406,1.8329205512681228,3.204846334239044,1.8649037057708795,0.1212102134560575
1.1940878149776908,0.52511591931932,0.1448191259944509,0.12121021345605744,0.0,0.0,0.0,0.0,6.004361116256261e-17,0.1564967431775151,1.2154502885800127,1.8332489998330017,3.2051960315905292,1.8640228602914617,0.1212102134560575
1.1948006679007646,0.5239054505959311,0.14443862960996973,0.12121021345605744,0.0,0.0,0.0,0.0,6.006398729431877e-17,0.1564967431775151,1.2154707518791303,1.8335771707453994,3.205544665802045,1.8631447481066654,0.1212102134560575
1.1955142823881066,0.522696859607329,0.14405758932565674,0.12121021345605744,0.0,0.0,0.0,0.0,6.008442396442228e-17,0.1564967431775151,1.215490412830629,1.833904899101581,3.205892055109725,1.8622687313210924,0.1212102134560575
1.1962283452025482,0.5214899485843926,0.14367597617152517,0.12121021345605744,0.0,0.0,0.0,0.0,6.010491214799198e-17,0.1564967431775151,1.2155092542835797,1.834232042137438,3.206238039598533,1.8613942699584658,0.1212102134560575
1.1969425875209554,0.5202845557469946,0.143293765306872,0.12121021345605744,0.0,0.0,0.0,0.0,6.01254441616224e-17,0.1564967431775151,1.2155272587221946,1.8345584760616034,3.2065824779613132,1.860520908574822,0.1212102134560575
1.197656778543092,0.5190805506227428,0.1429109354843833,0.12121021345605744,0.0,0.0,0.0,0.0,6.014601347181038e-17,0.1564967431775151,1.2155444081923574,1.8348840932951056,3.206925244664978,1.8596482646502182,0.1212102134560575
1.1983707199406202,0.5178778300226425,0.1425274685874611,0.12121021345605744,0.0,0.0,0.0,0.0,6.016661452879962e-17,0.1564967431775151,1.2155606842281603,1.835208800069138,3.2072662274748134,1.8587760185507238,0.1212102134560575
1.1990842410437255,0.5166763145972346,0.14214334923257946,0.12121021345605744,0.0,0.0,0.0,0.0,6.018724262274066e-17,0.1564967431775151,1.215576067777869,1.835532514337268,3.2076053252926524,1.8579039048735395,0.1212102134560575
1.199797194674457,0.5154759459058416,0.14175856442945967,0.12121021345605744,0.0,0.0,0.0,0.0,6.020789375941419e-17,0.1564967431775151,1.215590539128758,1.8358551639633347,3.207942446269608,1.8570317050097582,0.1212102134560575
1.2005094535471155,0.5142766839403495,0.1413731032928359,0.12121021345605744,0.0,0.0,0.0,0.0,6.022856455310688e-17,0.1564967431775151,1.2156040778303192,1.8361766851510881,3.2082775061589226,1.856159240780301,0.1212102134560575
1.2012209071665374,0.5130785050531322,0.14098695680050757,0.12121021345605744,0.0,0.0,0.0,0.0,6.024925213454459e-17,0.1564967431775151,1.2156166626153946,1.836497021086124,3.2086104268790336,1.855286369020177,0.1212102134560575
1.2019314591645933,0.511881400246097,0.14060011759321903,0.12121021345605744,0.0,0.0,0.0,0.0,6.026995407207472e-17,0.1564967431775151,1.2156282713188662,1.8368161207647191,3.2089411352611004,1.8544129770039093,0.1212102134560575
1.2026410250234865,0.510685373784243,0.14021257981263593,0.12121021345605744,0.0,0.0,0.0,0.0,6.029066830453805e-17,0.1564967431775151,1.2156388807936052,1.8371339379877087,3.2092695619588287,1.8535389786203653,0.1212102134560575
1.2033495301414425,0.509490442102532,0.13982433897422636,0.12121021345605744,0.0,0.0,0.0,0.0,6.031139308448304e-17,0.1564967431775151,1.2156484668233247,1.8374504305005817,3.2095956405014214,1.8526643112182009,0.1212102134560575
1.2044561247935908,0.5086026793745309,0.1394855899634812,0.12121021345605744,0.0,0.0,0.0,0.0,6.034327339525172e-17,0.1564967431775151,1.2156659592539532,1.8379538067071581,3.2101165091386266,1.8525443941316029,0.1212102134560575
1.2068883444021683,0.5088625231184202,0.1395014607770327,0.12121021345605744,0.0,0.0,0.0,0.0,6.034883075677978e-17,0.1564967431775151,1.2156668193147966,1.838032967455495,3.2101965299478064,1.8552523282976212,0.1212102134560575
1.2070481702155127,0.5089840011647946,0.1395152338067827,0.12121021345605744,0.0,0.0,0.0,0.0,6.035364315989258e-17,0.1564967431775151,1.2156675796854763,1.83810156317232,3.2102658860353115,1.85554740518709,0.1212102134560575
1.2071862088320076,0.509088890443246,0.13952714764366983,0.12121021345605744,0.0,0.0,0.0,0.0,6.035779860974182e-17,0.1564967431775151,1.215668247345457,1.838160827381675,3.210325817904647,1.8558022469189235,0.1212102134560575
1.2072825382785297,0.5091620813957256,0.13953546536225964,0.12121021345605743,0.0,0.0,0.0,0.0,6.036069827236536e-17,0.1564967431775151,1.2156687154446082,1.8382021885676672,3.2103676471897904,1.855980085036515,0.12121021345605748
1.2073675584006305,0.509226665623857,0.1395428150310564,0.12121021345605743,0.0,0.0,0.0,0.0,6.036325707934524e-17,0.1564967431775151,1.2156691336857275,1.8382387027194251,3.2104045795826677,1.856137039055544,0.12121021345605748
1.2074425022234698,0.5092835852214872,0.1395492998120746,0.12121021345605741,0.0,0.0,0.0,0.0,6.03655123152073e-17,0.1564967431775151,1.2156695060879685,1.8382708957717457,3.210437145037229,1.8562753872570317,0.12121021345605747
1.20750850219797,0.5093337043296446,0.13955501520001476,0.12121021345605741,0.0,0.0,0.0,0.0,6.036749818451699e-17,0.1564967431775151,1.215669836782033,1.8382992515611727,3.210465831520721,1.8563972217276292,0.12121021345605747
1.2075665873186918,0.5093778073547575,0.13956004848528414,0.12121021345605743,0.0,0.0,0.0,0.0,6.03692457402274e-17,0.15649674317751514,1.2156701298282926,1.8383242102771364,3.2104910832829443,1.8565044431587334,0.12121021345605748
1.2076176848152211,0.5094166005608676,0.1395644786895221,0.12121021345605741,0.0,0.0,0.0,0.0,6.037078294555868e-17,0.15649674317751514,1.2156703891017349,1.838346168961874,3.210513301241124,1.8565987640656108,0.12121021345605747
1.2076626247844147,0.5094507158180676,0.13956837681308706,0.1212102134560574,0.0,0.0,0.0,0.0,6.037213482132851e-17,0.1564967431775151,1.2156706182246715,1.8383654833363061,3.2105328447384927,1.8566817174155692,0.12121021345605745
1.2077021465630038,0.5094807156135939,0.1395718062755559,0.1212102134560574,0.0,0.0,0.0,0.0,6.03733236434219e-17,0.15649674317751514,1.2156708205326843,1.8383824704194942,3.2105500341296933,1.8567546684521536,0.12121021345605745
1.2077369059896936,0.5095070986937795,0.13957482346418354,0.1212102134560574,0.0,0.0,0.0,0.0,6.037436916540837e-17,0.15649674317751514,1.2156709990630779,1.8383974115636017,3.2105651538041946,1.8568188281476568,0.12121021345605745
1.2077674829742449,0.5095303059056518,0.1395774783314287,0.12121021345605736,0.0,0.0,0.0,0.0,6.03752888492293e-17,0.15649674317751514,1.215671156558079,1.8384105556448411,3.210578455380435,1.8568752672113256,0.12121021345605741
1.2077943889895302,0.5095507259550743,0.13957981500208888,0.12121021345605738,0.0,0.0,0.0,0.0,6.037609809272855e-17,0.15649674317751514,1.2156712954772777,1.8384221222386856,3.2105901608934784,1.8569249299466932,0.12121021345605744
1.207818074245269,0.5095687009046338,0.13958187236463532,0.12121021345605734,0.0,0.0,0.0,0.0,6.03768104470027e-17,0.15649674317751514,1.2156714180154784,1.8384323046707807,3.210600465863774,1.8569686475145382,0.1212102134560574
1.2078389344023686,0.5095845313089753,0.13958368463125795,0.12121021345605733,0.0,0.0,0.0,0.0,6.037743781949691e-17,0.15649674317751514,1.2156715261233377,1.8384412728794428,3.2106095421802956,1.8570071503426018,0.12121021345605738
1.2078573167555713,0.5095984809362835,0.13958528185799451,0.12121021345605734,0.0,0.0,0.0,0.0,6.037799066079287e-17,0.15649674317751516,1.215671621529023,1.8384491760561492,3.210617540762687,1.8570410795498493,0.1212102134560574
1.2078735258582405,0.5096107810587175,0.13958669042096758,0.12121021345605734,0.0,0.0,0.0,0.0,6.037847813438924e-17,0.15649674317751516,1.2156717057597517,1.8384561450509593,3.210624593988226,1.8570709973379254,0.1212102134560574
